model_name,AI,EBS
Model 20,30.00699577374656,69.99300422625345
Model 20.a,29.76169075794774,70.23830924205225
Model 22,28.01324269251738,71.98675730748262
