year,catch,biomass,exploitation,,,,,,,,,,,,,,,,,,,,,,,,,,,,
2003,685,34183,0.020028869,,,,,,,,,,,,,,,,,,,,,,,,,,,,
2004,633,38358,0.016504411,,,,,,,,,,,,,,,,,,,,,,,,,,,,
2005,447,40073,0.011149732,,,,,,,,,,,,,,,,,,,,,,,,,,,,
2006,570,42526,0.01341426,,,,,,,,,,,,,,,,,,,,,,,,,,,,
2007,646,42877,0.015076005,,,,,,,,,,,,,,,,,,,,,,,,,,,,
2008,596,45050,0.01323709,,,,,,,,,,,,,,,,,,,,,,,,,,,,
2009,566,45711,0.012373542,,,,,,,,,,,,,,,,,,,,,,,,,,,,
2010,766,48694,0.015728131,,,,,,,,,,,,,,,,,,,,,,,,,,,,
2011,945,51691,0.018285322,,,,,,,,,,,,,,,,,,,,,,,,,,,,
2012,919,48710,0.018866947,,,,,,,,,,,,,,,,,,,,,,,,,,,,
2013,789,53063,0.014869809,,,,,,,,,,,,,,,,,,,,,,,,,,,,
2014,913,57524,0.015867819,,,,,,,,,,,,,,,,,,,,,,,,,,,,
2015,651,60301,0.010795123,,,,,,,,,,,,,,,,,,,,,,,,,,,,
2016,768,57037,0.013470217,,,,,,,,,,,,,,,,,,,,,,,,,,,,
2017,828,57109,0.014498681,,,,,,,,,,,,,,,,,,,,,,,,,,,,
2018,986,55752,0.017688977,,,,,,,,,,,,,,,,,,,,,,,,,,,,
2019,1274,54490,0.023371285,,,,,,,,,,,,,,,,,,,,,,,,,,,,
2020,1095,53711,0.020378681,,,,,,,,,,,,,,,,,,,,,,,,,,,,
2021,1002,53013,0.018897008,,,,,,,,,,,,,,,,,,,,,,,,,,,,
2022,999,52733,0.018943953,,,,,,,,,,,,,,,,,,,,,,,,,,,,
,,,,,,,,,,,,,,,,,,,,,,,,,,,,,,,
1991,1992,1993,1994,1995,1996,1997,1998,1999,2000,2001,2002,2003,2004,2005,2006,2007,2008,2009,2010,2011,2012,2013,2014,2015,2016,2017,2018,2019,2020,2021,2022
NA,NA,NA,NA,NA,NA,NA,NA,NA,NA,NA,NA,685,633,447,570,646,596,566,766,945,919,789,913,651,768,828,986,1274,1095,1002,999
